,Unnamed: 0,Name,Language,Original,Transcription,Score
0,0,Joanna,English,Gwen had her best sleep ever on her new bed of nails.,Gwen had her best sleep ever on her new bed of nails.,0
1,1,Joanna,English,When confronted with a rotary dial phone the teenager was perplexed.,"When confronted with the rotary dial found, a teenager was perplexed.",11
2,2,Joanna,English,There was no telling what thoughts would come from the machine.,There was no telling what thoughts would come from the machine.,0
3,3,Joanna,English,Baby wipes are made of chocolate stardust.,Baby wipes are made of chocolate stardust.,0
4,4,Joanna,English,It caught him off guard that space smelled of seared steak.,It cut him off guard that space smelled of seared steak.,3
5,5,Joanna,English,"You're unsure whether or not to trust him, but very thankful that you wore a turtle neck.","You're unsure whether or not to trust him, but very thankful that you wore a turtleneck.",1
6,6,Joanna,English,Cursive writing is the best way to build a race track.,CUrsive writing is the best way to build the racetrack.,5
7,7,Joanna,English,Today is the day I'll finally know what brick tastes like.,Today is the day I'll finally know what brick tastes like.,0
8,8,Joanna,English,"There was no ice cream in the freezer, nor did they have money to go to the store.","There was no ice cream in the freezer, nor did they have money to go to the store.",0
9,9,Joanna,English,Nothing seemed out of place except the washing machine in the bar.,Nothing seemed out of place except the washing machine in the bar.,0
10,10,Joanna,English,"He realized there had been several deaths on this road, but his concern rose when he saw the exact number.","He realized there had been several deaths on this road, but his concern rose when he saw the exact number.",0
11,11,Joanna,English,Jeanne wished she has chosen the red button.,Jean wished she has chosen the red button.,2
12,12,Joanna,English,"David subscribes to the ""stuff your tent into the bag"" strategy over nicely folding it.",David subscribes to the stuff your tent into the back strategy over nicely folding it.,3
13,13,Joanna,English,All you need to do is pick up the pen and begin.,All you need to do is pick up the pen and begin.,0
14,14,Joanna,English,The underground bunker was filled with chips and candy.,The underground bunker was filled with chips and candy.,0
15,15,Joanna,English,"It dawned on her that others could make her happier, but only she could make herself happy.","It dawned on her that others could make her happier, but only she could make herself happy.",0
16,16,Joanna,English,The green tea and avocado smoothie turned out exactly as would be expected.,"The green tea, an avocado smoothie, turned out exactly as would be expected.",3
17,17,Joanna,English,The thunderous roar of the jet overhead confirmed her worst fears.,The thunderous roar of the jet overhead confirmed her worst fears.,0
18,18,Joanna,English,It was the scarcity that fueled his creativity.,It was the scarcity that fueled his creativity.,0
19,19,Joanna,English,"The sky is clear, the stars are twinkling.","The sky is clear, the stars are twinkling.",0
20,20,Joanna,English,You have no right to call yourself creative until you look at a trowel and think that it would make a great lockpick.,You have no right to call yourself creative until you look at a trowel and think that it would make a great lock pick.,1
21,21,Joanna,English,I covered my friend in baby oil.,I covered my friend in Baby Oil.,2
22,22,Joanna,English,It's much more difficult to play tennis with a bowling ball than it is to bowl with a tennis ball.,It's much more difficult to play tennis with a bowling ball than it is to bowl with a tennis ball.,0
23,23,Joanna,English,He didn't understand why the bird wanted to ride the bicycle.,He didn't understand why the bird wanted to ride the bicycle.,0
24,24,Joanna,English,He had unknowingly taken up sleepwalking as a nighttime hobby.,He had unknowingly taken up sleepwalking as a nighttime hobby.,0
25,25,Joanna,English,The fact that there's a stairway to heaven and a highway to hell explains life well.,The fact that there's a stairway to heaven and a highway to hell explains life well.,0
26,26,Joanna,English,She couldn't understand why nobody else could see that the sky is full of cotton candy.,She couldn't understand why nobody else could see that the sky is full of cotton candy.,0
27,27,Joanna,English,The fence was confused about whether it was supposed to keep things in or keep things out.,Defense was confused about whether it was supposed to keep things in or keep things out.,4
28,28,Joanna,English,"For oil spots on the floor, nothing beats parking a motorbike in the lounge.","For oil spots on the floor, nothing beats parking a motorbike in the lounge.",0
29,29,Joanna,English,Nancy was proud that she ran a tight shipwreck.,Nancy was proud that she ran a tight ship wreck.,1
30,30,Joanna,English,We have young kids who often walk into our room at night for various reasons including clowns in the closet.,"We have young kids who often walk into our room at night for various reasons, including clowns in the closet.",1
31,31,Joanna,English,The lyrics of the song sounded like fingernails on a chalkboard.,The lyrics of the song sounded like fingernails on a chalkboard.,0
32,32,Joanna,English,Too many prisons have become early coffins.,Too many prisons have become early coffins.,0
33,33,Joanna,English,Everyone pretends to like wheat until you mention barley.,Everyone pretends to like weed until you mentioned barley.,5
34,34,Joanna,English,The truth is that you pay for your lifestyle in hours.,The truth is that you pay for your lifestyle in hours.,0
35,35,Joanna,English,The snow-covered path was no help in finding his way out of the back-country.,The snow covered path was no help in finding his way out of the backcountry.,2
36,36,Joanna,English,Nudist colonies shun fig-leaf couture.,Nudist colonies shun fig leaf couture.,1
37,37,Joanna,English,Beach-combing replaced wine tasting as his new obsession.,Beachcombing replaced wine tasting as his new obsession.,1
38,38,Joanna,English,I'd always thought lightning was something only I could see.,I'd always thought lightning was something only I could see.,0
39,39,Joanna,English,He dreamed of eating green apples with worms.,He dreamed of eating green apples with worms.,0
40,40,Joanna,English,"She was sad to hear that fireflies are facing extinction due to artificial light, habitat loss, and pesticides.","She was sad to hear that fireflies are facing extinction due to artificial light, habitat loss and pesticides.",1
41,41,Joanna,English,He was so preoccupied with whether or not he could that he failed to stop to consider if he should.,He was so preoccupied with whether or not he could that he failed to stop to consider if he should.,0
42,42,Joanna,English,It was a really good Monday for being a Saturday.,It was a really good monday for being a saturday.,2
43,43,Joanna,English,I ate a sock because people on the Internet told me to.,I ate a sock because people on the Internet told me to.,0
44,44,Joanna,English,I would be delighted if the sea were full of cucumber juice.,I would be delighted if the sea were full of cucumber juice.,0
45,45,Joanna,English,He felt that dining on the bridge brought romance to his relationship with his cat.,He felt that dining on the bridge brought romance to his relationship with his cat.,0
46,46,Joanna,English,There are few things better in life than a slice of pie.,There are a few things better in life than a slice of pie.,2
47,47,Joanna,English,A purple pig and a green donkey flew a kite in the middle of the night and ended up sunburnt.,A purple pig and a green donkey fluid kite in the middle of the night and ended up sunburnt.,4
48,48,Joanna,English,"She saw the brake lights, but not in time.","She saw the brake lights, but not in time.",0
49,49,Joanna,English,Please wait outside of the house.,Please wait outside of the house.,0
50,50,Joanna,English,Truth in advertising and dinosaurs with skateboards have much in common.,Truth in advertising and dinosaurs with skateboards have much in common.,0
51,51,Joanna,English,"There were white out conditions in the town, subsequently, the roads were impassable.","There were white out conditions in the town, subsequently the roads were impassable.",1
52,52,Joanna,English,I thought red would have felt warmer in summer but I didn't think about the equator.,"I thought red would have felt warmer in summer, but I didn't think about the equator.",1
53,53,Joanna,English,The toy brought back fond memories of being lost in the rain forest.,The toy brought back fond memories of being lost in the rain forest.,0
54,54,Joanna,English,Nobody has encountered an explosive daisy and lived to tell the tale.,Nobody has encountered an explosive daisy and lived to tell the tale.,0
55,55,Joanna,English,"After exploring the abandoned building, he started to believe in ghosts.","After exploring the abandoned building, he started to believe in ghosts.",0
56,56,Joanna,English,The truth is that you pay for your lifestyle in hours.,The truth is that you pay for your lifestyle in hours.,0
57,57,Joanna,English,The father died during childbirth.,The father died during childbirth.,0
58,58,Joanna,English,Imagine his surprise when he discovered that the safe was full of pudding.,Imagine his surprise when he discovered that the safe was full of pudding.,0
59,59,Joanna,English,A song can make or ruin a person’s day if they let it get to them.,A song can make or ruin a personas day if they let it get to them.,1
60,60,Joanna,English,She had a difficult time owning up to her own crazy self.,She had a difficult time owning up to her own crazy self.,0
61,61,Joanna,English,He dreamed of leaving his law firm to open a portable dog wash.,He dreamed of leaving his law firm to open a portable dog wash.,0
62,62,Joanna,English,I'd always thought lightning was something only I could see.,I'd always thought lightning was something only I could see.,0
63,63,Joanna,English,Everyone was curious about the large white blimp that appeared overnight.,Everyone was curious about the large white blimp that appeared overnight.,0
64,64,Joanna,English,The clouds formed beautiful animals in the sky that eventually created a tornado to wreak havoc.,The clouds form beautiful animals in the sky that eventually created a tornado to wreak havoc.,2
65,65,Joanna,English,Pink horses galloped across the sea.,Pink horses galloped across the sea.,0
66,66,Joanna,English,"In hopes of finding out the truth, he entered the one-room library.","In hopes of finding out the truth, he entered the one room library.",1
67,67,Joanna,English,She tilted her head back and let whip cream stream into her mouth while taking a bath.,She tilted her head back and let whip cream stream into her mouth while taking a bath.,0
68,68,Joanna,English,They looked up at the sky and saw a million stars.,They looked up at the sky and saw a million stars.,0
69,69,Joanna,English,The group quickly understood that toxic waste was the most effective barrier to use against the zombies.,The group quickly understood that toxic waste was the most effective barrier to use against the zombies.,0
70,70,Joanna,English,The gloves protect my feet from excess work.,The gloves protect my feet from excess work.,0
71,71,Joanna,English,"Green should have smelled more tranquil, but somehow it just tasted rotten.","Green should have smelled more tranquil, but somehow it just tasted rotten.",0
72,72,Joanna,English,The secret ingredient to his wonderful life was crime.,The secret ingredient to his wonderful life was crime.,0
73,73,Joanna,English,He decided to live his life by the big beats manifesto.,He decided to live his life by the big beats manifesto.,0
74,74,Joanna,English,"In the end, he realized he could see sound and hear words.","In the end, he realized he could see sound and hear words.",0
75,75,Joanna,English,The pet shop stocks everything you need to keep your anaconda happy.,The pet shop stocks everything you need to keep your anaconda happy.,0
76,76,Joanna,English,"He used to get confused between soldiers and shoulders, but as a military man, he now soldiers responsibility.","He used to get confused between soldiers and shoulders, but as a military man, he now soldiers responsibility.",0
77,77,Joanna,English,She advised him to come back at once.,She advised him to come back at once.,0
78,78,Joanna,English,The beauty of the African sunset disguised the danger lurking nearby.,The beauty of the African sunset disguised the danger lurking nearby.,0
79,79,Joanna,English,"The rusty nail stood erect, angled at a 45-degree angle, just waiting for the perfect barefoot to come along.","The rusty nails stood erect, angled at a 45° angle, just waiting for the perfect barefoot to come along.",8
80,80,Joanna,English,We should play with legos at camp.,We should play with legos at camp.,0
81,81,Joanna,English,I am my aunt's sister's daughter.,I am my aunt's sister's daughter.,0
82,82,Joanna,English,"It was obvious she was hot, sweaty, and tired.","It was obvious she was hot, sweaty and tired.",1
83,83,Joanna,English,Charles ate the french fries knowing they would be his last meal.,Charles ate the french fries knowing they would be his last meal.,0
84,84,Joanna,English,Watching the geriatric men’s softball team brought back memories of 3 yr olds playing t-ball.,Watching the geriatric Meno softball team brought back memories of three years olds playing t ball.,12
85,85,Joanna,English,He had a hidden stash underneath the floorboards in the back room of the house.,He had a hidden stash underneath the floorboards in the back room of the house.,0
86,86,Joanna,English,The father handed each child a roadmap at the beginning of the 2-day road trip and explained it was so they could find their way home.,The father handed each child a road map at the beginning of the two day road trip and explained it was so they could find their way home.,5
87,87,Joanna,English,It was always dangerous to drive with him since he insisted the safety cones were a slalom course.,"It was always dangerous to drive with him, since he insisted the safety cones were a slalom course.",1
88,88,Joanna,English,Plans for this weekend include turning wine into water.,Plans for this weekend include turning wine into water.,0
89,89,Joanna,English,He had accidentally hacked into his company's server.,He had accidentally hacked into his company's server.,0
90,90,Joanna,English,She found his complete dullness interesting.,She found his complete illness interesting.,2
91,91,Joanna,English,Karen realized the only way she was getting into heaven was to cheat.,Karen realized the only way she was getting into Heaven was to cheat.,1
92,92,Joanna,English,Siri became confused when we reused to follow her directions.,Syria became confused when we re used to follow her directions.,3
93,93,Joanna,English,It was the first time he had ever seen someone cook dinner on an elephant.,It was the first time he had ever seen someone cook dinner on an elephant.,0
94,94,Joanna,English,Fluffy pink unicorns are a popular status symbol among macho men.,Fluffy pink unicorns are a popular status symbol among macho men.,0
95,95,Joanna,English,Love is not like pizza.,Love is not like Pizza.,1
96,96,Joanna,English,Her scream silenced the rowdy teenagers.,Her scream silenced the rowdy teenagers.,0
97,97,Joanna,English,"The waves were crashing on the shore, it was a lovely sight.","The waves were crashing on the shore, It was a lovely sight.",1
98,98,Joanna,English,Sometimes you have to just give up and win by cheating.,Sometimes you have to just give up and win by cheating.,0
99,99,Joanna,English,He loved eating his bananas in hot dog buns.,He loved eating his bananas and hot dog buns.,2
100,100,Emma,British,Gwen had her best sleep ever on her new bed of nails.,Gwen had her best sleep ever on her new bed of nails.,0
101,101,Emma,British,When confronted with a rotary dial phone the teenager was perplexed.,"When confronted with a rodeo dial phone, the teenager was perplexed.",5
102,102,Emma,British,There was no telling what thoughts would come from the machine.,There was no telling what thoughts would come from the machine.,0
103,103,Emma,British,Baby wipes are made of chocolate stardust.,Baby wipes are made of chocolate stardust.,0
104,104,Emma,British,It caught him off guard that space smelled of seared steak.,It caught him off guard that space smelled of seared steak.,0
105,105,Emma,British,"You're unsure whether or not to trust him, but very thankful that you wore a turtle neck.","You're unsure whether or not to trust him, but very thankful that you wore a turtleneck.",1
106,106,Emma,British,Cursive writing is the best way to build a race track.,CUrsive writing is the best way to build a racetrack.,2
107,107,Emma,British,Today is the day I'll finally know what brick tastes like.,Today is the day I'll finally know what brick tastes like.,0
108,108,Emma,British,"There was no ice cream in the freezer, nor did they have money to go to the store.","There was no ice cream in the freezer, nor did they have money to go to the store.",0
109,109,Emma,British,Nothing seemed out of place except the washing machine in the bar.,Nothing seemed out of place except the washing machine in the bar.,0
110,110,Emma,British,"He realized there had been several deaths on this road, but his concern rose when he saw the exact number.","He realized there had been several deaths on this road, but his concern rose when he saw the exact number.",0
111,111,Emma,British,Jeanne wished she has chosen the red button.,Jean wished she has chosen the red button.,2
112,112,Emma,British,"David subscribes to the ""stuff your tent into the bag"" strategy over nicely folding it.",David subscribes to the stuff you tend into the bag strategy over nicely folding it.,4
113,113,Emma,British,All you need to do is pick up the pen and begin.,All you need to do is pick up the pen and begin.,0
114,114,Emma,British,The underground bunker was filled with chips and candy.,The underground bunker was filled with chips and candy.,0
115,115,Emma,British,"It dawned on her that others could make her happier, but only she could make herself happy.","It dawned down her that others could make her happier, but only she could make herself happy.",2
116,116,Emma,British,The green tea and avocado smoothie turned out exactly as would be expected.,The green tea and avocado smoothie turned out exactly as would be expected.,0
117,117,Emma,British,The thunderous roar of the jet overhead confirmed her worst fears.,The thunder is roar of the jet overhead confirmed her worst fears.,2
118,118,Emma,British,It was the scarcity that fueled his creativity.,It was the scarcity that fueled his creativity.,0
119,119,Emma,British,"The sky is clear, the stars are twinkling.","The sky is clear, the stars are twinkling.",0
120,120,Emma,British,You have no right to call yourself creative until you look at a trowel and think that it would make a great lockpick.,You have no right to call yourself creative until you look at a drawl and think that it would make a great lark pick.,6
121,121,Emma,British,I covered my friend in baby oil.,I covered my friend in Baby Oil.,2
122,122,Emma,British,It's much more difficult to play tennis with a bowling ball than it is to bowl with a tennis ball.,It's much more difficult to play tennis with a bowling ball than it is to bowl with a tennis ball.,0
123,123,Emma,British,He didn't understand why the bird wanted to ride the bicycle.,He didn't understand why the bird wanted to ride the bicycle.,0
124,124,Emma,British,He had unknowingly taken up sleepwalking as a nighttime hobby.,He had unknowingly taken up sleepwalking as a nighttime harvey.,4
125,125,Emma,British,The fact that there's a stairway to heaven and a highway to hell explains life well.,The fact that there's a stairway to heaven and a highway to hell explains life well.,0
126,126,Emma,British,She couldn't understand why nobody else could see that the sky is full of cotton candy.,She couldn't understand why nobody else could see that the sky is full of cotton candy.,0
127,127,Emma,British,The fence was confused about whether it was supposed to keep things in or keep things out.,The fence was confused about whether it was supposed to keep things in or keep things out.,0
128,128,Emma,British,"For oil spots on the floor, nothing beats parking a motorbike in the lounge.","For royal spots on the floor, nothing beats parking a motorbike in the lounge.",3
129,129,Emma,British,Nancy was proud that she ran a tight shipwreck.,Nancy was proud that she ran a tight ship wreck.,1
130,130,Emma,British,We have young kids who often walk into our room at night for various reasons including clowns in the closet.,"We have young kids who often walk into our room at night for various reasons, including clowns in the closet.",1
131,131,Emma,British,The lyrics of the song sounded like fingernails on a chalkboard.,The lyrics of the sound sounded like fingernails and a chalkboard.,4
132,132,Emma,British,Too many prisons have become early coffins.,Too many prisons have become early coffins.,0
133,133,Emma,British,Everyone pretends to like wheat until you mention barley.,Everyone pretends to like wheat until you mentioned Bonnie.,8
134,134,Emma,British,The truth is that you pay for your lifestyle in hours.,The truth is that you pay for your lifestyle in our.,2
135,135,Emma,British,The snow-covered path was no help in finding his way out of the back-country.,The snow covered path was no help in finding his way out of the back country.,2
136,136,Emma,British,Nudist colonies shun fig-leaf couture.,The nudist colonies Shan fig leaf couture.,8
137,137,Emma,British,Beach-combing replaced wine tasting as his new obsession.,Beachcombing replaced wine tasting as his new obsession.,1
138,138,Emma,British,I'd always thought lightning was something only I could see.,I'd always thought lightning was something only I could see.,0
139,139,Emma,British,He dreamed of eating green apples with worms.,He dreamed of eating green apples with worms.,0
140,140,Emma,British,"She was sad to hear that fireflies are facing extinction due to artificial light, habitat loss, and pesticides.","She was sad to hear that fireflies are facing extinction due to artificial light, habitat loss and pesticides.",1
141,141,Emma,British,He was so preoccupied with whether or not he could that he failed to stop to consider if he should.,He was so preoccupied with whether or not he could that he failed to start to consider if he should.,3
142,142,Emma,British,It was a really good Monday for being a Saturday.,It was a really good monday for being a saturday.,2
143,143,Emma,British,I ate a sock because people on the Internet told me to.,I ate a sock because people on the Internet told me to.,0
144,144,Emma,British,I would be delighted if the sea were full of cucumber juice.,I would be delighted if the sea was full of cucumber juice.,3
145,145,Emma,British,He felt that dining on the bridge brought romance to his relationship with his cat.,He felt that dining on the bridge brought romance to his relationship with his cat.,0
146,146,Emma,British,There are few things better in life than a slice of pie.,There are few things better in life than a slice of pie.,0
147,147,Emma,British,A purple pig and a green donkey flew a kite in the middle of the night and ended up sunburnt.,A purple pig and a green donkey flew a kite in the middle of the night and ended up sunburned.,2
148,148,Emma,British,"She saw the brake lights, but not in time.","She saw the brake lights, but not in time.",0
149,149,Emma,British,Please wait outside of the house.,Please wait outside of the house.,0
150,150,Emma,British,Truth in advertising and dinosaurs with skateboards have much in common.,Truth in advertising and dinosaurs with skateboards have much in common.,0
151,151,Emma,British,"There were white out conditions in the town, subsequently, the roads were impassable.","There were white out conditions in the town, subsequently the roads were impassable.",1
152,152,Emma,British,I thought red would have felt warmer in summer but I didn't think about the equator.,"I thought red would have felt warmer in summer, but I didn't think about the equator.",1
153,153,Emma,British,The toy brought back fond memories of being lost in the rain forest.,The toy brought back found memories of being lost in the rain forest.,1
154,154,Emma,British,Nobody has encountered an explosive daisy and lived to tell the tale.,Nobody has encountered an explosive daisy and lived to tell the tale.,0
155,155,Emma,British,"After exploring the abandoned building, he started to believe in ghosts.","After exploring the abandoned building, he started to believe in ghosts.",0
156,156,Emma,British,The truth is that you pay for your lifestyle in hours.,The truth is that you pay for your lifestyle in our.,2
157,157,Emma,British,The father died during childbirth.,The father died during childbirth.,0
158,158,Emma,British,Imagine his surprise when he discovered that the safe was full of pudding.,Imagine his surprise when he discovered that the safe was full of pudding.,0
159,159,Emma,British,A song can make or ruin a person’s day if they let it get to them.,Assange can make or ruin a personas day if they let it get to them.,4
160,160,Emma,British,She had a difficult time owning up to her own crazy self.,She had a difficult time owning up to her own crazy self.,0
161,161,Emma,British,He dreamed of leaving his law firm to open a portable dog wash.,He dreamed of leaving his law firm to open a portable dog wash.,0
162,162,Emma,British,I'd always thought lightning was something only I could see.,I'd always thought lightning was something only I could see.,0
163,163,Emma,British,Everyone was curious about the large white blimp that appeared overnight.,Everyone was curious about the large white blimp that appeared overnight.,0
164,164,Emma,British,The clouds formed beautiful animals in the sky that eventually created a tornado to wreak havoc.,The clouds formed beautiful animals in the sky that eventually created a tornado to wreak havoc.,0
165,165,Emma,British,Pink horses galloped across the sea.,Pink horses galloped across the sea.,0
166,166,Emma,British,"In hopes of finding out the truth, he entered the one-room library.","In hopes of finding out the truth, he entered the one room library.",1
167,167,Emma,British,She tilted her head back and let whip cream stream into her mouth while taking a bath.,She tilted her head back and let whip cream stream into her mouth while taking a bath.,0
168,168,Emma,British,They looked up at the sky and saw a million stars.,They looked up at the sky and saw a million stars.,0
169,169,Emma,British,The group quickly understood that toxic waste was the most effective barrier to use against the zombies.,The group quickly understood that toxic waste was the most effective barrier to use against the zombies.,0
170,170,Emma,British,The gloves protect my feet from excess work.,The gloves protect my feet from access work.,2
171,171,Emma,British,"Green should have smelled more tranquil, but somehow it just tasted rotten.","Green should have smelled more tranquil, but somehow it just tasted rotten.",0
172,172,Emma,British,The secret ingredient to his wonderful life was crime.,The secret ingredient to his wonderful life was crime.,0
173,173,Emma,British,He decided to live his life by the big beats manifesto.,He decided to live his life by the big beats manifesto.,0
174,174,Emma,British,"In the end, he realized he could see sound and hear words.","In the end, he realized he could see sound and hear words.",0
175,175,Emma,British,The pet shop stocks everything you need to keep your anaconda happy.,The Pet Sharp Starks everything you need to keep your in a kind of happy.,15
176,176,Emma,British,"He used to get confused between soldiers and shoulders, but as a military man, he now soldiers responsibility.","He used to get confused between soldiers and shoulders, but as a military man, he now soldiers responsibility.",0
177,177,Emma,British,She advised him to come back at once.,She advised him to come back at once.,0
178,178,Emma,British,The beauty of the African sunset disguised the danger lurking nearby.,The beauty of the African sunset disguised the danger lurking nearby.,0
179,179,Emma,British,"The rusty nail stood erect, angled at a 45-degree angle, just waiting for the perfect barefoot to come along.","The rusty nail stood direct, angled at a 45 degree angle, just waiting for the perfect barefoot to car millen.",11
180,180,Emma,British,We should play with legos at camp.,We should play with legos at camp.,0
181,181,Emma,British,I am my aunt's sister's daughter.,I am my aunt's sister's daughter.,0
182,182,Emma,British,"It was obvious she was hot, sweaty, and tired.","It was obvious she was hurt, sweaty and tired.",3
183,183,Emma,British,Charles ate the french fries knowing they would be his last meal.,Charles ate the french fries knowing they would be his last meal.,0
184,184,Emma,British,Watching the geriatric men’s softball team brought back memories of 3 yr olds playing t-ball.,Watching the Bariatric Minos softball team brought back memories of three years old playing t ball.,15
185,185,Emma,British,He had a hidden stash underneath the floorboards in the back room of the house.,He had a hidden stash underneath the floorboards in the back room of the house.,0
186,186,Emma,British,The father handed each child a roadmap at the beginning of the 2-day road trip and explained it was so they could find their way home.,The father handed each child a road map at the beginning of the two day road trip and explained it was so they could find their way home.,5
187,187,Emma,British,It was always dangerous to drive with him since he insisted the safety cones were a slalom course.,"It was always danger as to drive with him, since he insisted the safety cones were a slalom course.",3
188,188,Emma,British,Plans for this weekend include turning wine into water.,Plans for this week and include turning wine into water.,2
189,189,Emma,British,He had accidentally hacked into his company's server.,He had accidentally hacked into his company's server.,0
190,190,Emma,British,She found his complete dullness interesting.,She found his complete stillness interesting.,3
191,191,Emma,British,Karen realized the only way she was getting into heaven was to cheat.,Karen realized that the only way she was getting into Heaven was to cheat.,6
192,192,Emma,British,Siri became confused when we reused to follow her directions.,Syria became confused when we re used to follow her actions.,7
193,193,Emma,British,It was the first time he had ever seen someone cook dinner on an elephant.,It was the first time he had ever seen someone cook dinner on an elephant.,0
194,194,Emma,British,Fluffy pink unicorns are a popular status symbol among macho men.,Fluffy pink unicorns are a popular status symbol among March oh men.,4
195,195,Emma,British,Love is not like pizza.,Love is not like Pizza.,1
196,196,Emma,British,Her scream silenced the rowdy teenagers.,A scream silenced the rowdy teenagers.,3
197,197,Emma,British,"The waves were crashing on the shore, it was a lovely sight.","The waves were crashing on the shore, It was a lovely sight.",1
198,198,Emma,British,Sometimes you have to just give up and win by cheating.,Sometimes you have to just give up and win by cheating.,0
199,199,Emma,British,He loved eating his bananas in hot dog buns.,He loved eating his bananas in hard dark buns.,6
200,200,Lea,French,Gwen had her best sleep ever on her new bed of nails.,Gwen had her best sleep ever on her new bed of nails.,0
201,201,Lea,French,When confronted with a rotary dial phone the teenager was perplexed.,"When confronted with a rotary dial phone, the teenager was perplexed.",1
202,202,Lea,French,There was no telling what thoughts would come from the machine.,There was no telling what thoughts would come from the machine.,0
203,203,Lea,French,Baby wipes are made of chocolate stardust.,Baby wipes are made of chocolate stardust.,0
204,204,Lea,French,It caught him off guard that space smelled of seared steak.,It caught him off guard that space smelled of seared steak.,0
205,205,Lea,French,"You're unsure whether or not to trust him, but very thankful that you wore a turtle neck.","You are unsure whether or not to trust him, but very thankful that you were wrong.",14
206,206,Lea,French,Cursive writing is the best way to build a race track.,CUrsi writing is the best way to build a racetrack.,4
207,207,Lea,French,Today is the day I'll finally know what brick tastes like.,Today is the day I'll finally know what brick tastes like.,0
208,208,Lea,French,"There was no ice cream in the freezer, nor did they have money to go to the store.","There was no ice cream in the freezer, nor did they have money to go to the store.",0
209,209,Lea,French,Nothing seemed out of place except the washing machine in the bar.,Nothing seemed out of place except the washing machine in the bar.,0
210,210,Lea,French,"He realized there had been several deaths on this road, but his concern rose when he saw the exact number.","He realized there had been several deaths on this road, but his concern rose when he saw the exact number.",0
211,211,Lea,French,Jeanne wished she has chosen the red button.,Jean wish she has chosen their at button.,8
212,212,Lea,French,"David subscribes to the ""stuff your tent into the bag"" strategy over nicely folding it.",David subscribes to the staff your attention to the bag strategy very nicely folding it.,10
213,213,Lea,French,All you need to do is pick up the pen and begin.,All you need to do is pick up the pen and begin.,0
214,214,Lea,French,The underground bunker was filled with chips and candy.,Then their ground banker was filled with chips and candy.,7
215,215,Lea,French,"It dawned on her that others could make her happier, but only she could make herself happy.","It doesn't have that others could make her happier, but only she could make herself happy.",10
216,216,Lea,French,The green tea and avocado smoothie turned out exactly as would be expected.,The green tea and avocado smoothie turned out exactly as would be expected.,0
217,217,Lea,French,The thunderous roar of the jet overhead confirmed her worst fears.,The restaurant of the jet overhead confirmed their worst fears.,15
218,218,Lea,French,It was the scarcity that fueled his creativity.,It was the scarcity that fueled his creativity.,0
219,219,Lea,French,"The sky is clear, the stars are twinkling.",The scale is clear the stars are twinkling.,5
220,220,Lea,French,You have no right to call yourself creative until you look at a trowel and think that it would make a great lockpick.,You have no right to call yourself creative until you look at the travel and think that it would make a great look peak.,9
221,221,Lea,French,I covered my friend in baby oil.,I covered my friend in Baby Oil.,2
222,222,Lea,French,It's much more difficult to play tennis with a bowling ball than it is to bowl with a tennis ball.,It's much more difficult to play tennis with a bullying but than it is to bull with a tennis ball.,8
223,223,Lea,French,He didn't understand why the bird wanted to ride the bicycle.,He didn't understand whether Bird wanted to ride the bicycle.,4
224,224,Lea,French,He had unknowingly taken up sleepwalking as a nighttime hobby.,He had unknowingly taken Apsley poking as a nighttime hobby.,7
225,225,Lea,French,The fact that there's a stairway to heaven and a highway to hell explains life well.,The fact that there's a stairway to heaven and the highway to hell explains life well.,3
226,226,Lea,French,She couldn't understand why nobody else could see that the sky is full of cotton candy.,She couldn't understand why nobody else could see that the scaly is full of cotton candy.,3
227,227,Lea,French,The fence was confused about whether it was supposed to keep things in or keep things out.,The fence was confused about whether it was supposed to keep things in or keep things out.,0
228,228,Lea,French,"For oil spots on the floor, nothing beats parking a motorbike in the lounge.","For travel spots on the floor, nothing beats sparking a motorbike in the lounge.",6
229,229,Lea,French,Nancy was proud that she ran a tight shipwreck.,Nancy was proud that she ran a date shipwreck.,5
230,230,Lea,French,We have young kids who often walk into our room at night for various reasons including clowns in the closet.,"We have young kids who often work into our room at night for various reasons, including clowns in the closet.",3
231,231,Lea,French,The lyrics of the song sounded like fingernails on a chalkboard.,The lyrics of the song sounded like fingernails on a chalkboard.,0
232,232,Lea,French,Too many prisons have become early coffins.,Too many prisons have become a re coffins.,4
233,233,Lea,French,Everyone pretends to like wheat until you mention barley.,Everyone pretends to like quit until you mentioned Beverly.,11
234,234,Lea,French,The truth is that you pay for your lifestyle in hours.,The truth is that you pay for real lifestyle in hours.,4
235,235,Lea,French,The snow-covered path was no help in finding his way out of the back-country.,The snow covered path was no help in finding his way out of the back country.,2
236,236,Lea,French,Nudist colonies shun fig-leaf couture.,Nudist colonies.,22
237,237,Lea,French,Beach-combing replaced wine tasting as his new obsession.,Beach Coming replaced wine tasting as his new obsession.,3
238,238,Lea,French,I'd always thought lightning was something only I could see.,I'd always thought lightning was something only I could see.,0
239,239,Lea,French,He dreamed of eating green apples with worms.,He dreamed of it in green apples with worms.,4
240,240,Lea,French,"She was sad to hear that fireflies are facing extinction due to artificial light, habitat loss, and pesticides.","She was sad to hear that fireflies are facing extinction due to artificial light, habitat loss and pesticides.",1
241,241,Lea,French,He was so preoccupied with whether or not he could that he failed to stop to consider if he should.,He was so preoccupied with whether or not he could that he failed to stop to consider if he should.,0
242,242,Lea,French,It was a really good Monday for being a Saturday.,It was a really good monday for being.,12
243,243,Lea,French,I ate a sock because people on the Internet told me to.,I hate a sock because people on the Internet told me to.,1
244,244,Lea,French,I would be delighted if the sea were full of cucumber juice.,I would be delighted if thus he were full of cucumber juice.,4
245,245,Lea,French,He felt that dining on the bridge brought romance to his relationship with his cat.,He felt that dining on the bridge brought romance to his relationship with his cat.,0
246,246,Lea,French,There are few things better in life than a slice of pie.,There are a few things better in life than us lives of by.,10
247,247,Lea,French,A purple pig and a green donkey flew a kite in the middle of the night and ended up sunburnt.,The purple pig and the green in the middle of the night and.,43
248,248,Lea,French,"She saw the brake lights, but not in time.","She saw the brake lights, but not in time.",0
249,249,Lea,French,Please wait outside of the house.,Please wait outside of the house.,0
250,250,Lea,French,Truth in advertising and dinosaurs with skateboards have much in common.,Truth in advertising on the dinosaurs with skateboards have much in common.,5
251,251,Lea,French,"There were white out conditions in the town, subsequently, the roads were impassable.","There were white out conditions in that town, subsequently the roads were impossible.",5
252,252,Lea,French,I thought red would have felt warmer in summer but I didn't think about the equator.,I thought red would have felt for marines um er but I didn't think about the equator.,8
253,253,Lea,French,The toy brought back fond memories of being lost in the rain forest.,The toy brought back fond memories of being lost in the rain forest.,0
254,254,Lea,French,Nobody has encountered an explosive daisy and lived to tell the tale.,Nobody has encountered an explosive daisy and lived to tell the tale.,0
255,255,Lea,French,"After exploring the abandoned building, he started to believe in ghosts.","After exploring the abandoned building, he started to believe in ghosts.",0
256,256,Lea,French,The truth is that you pay for your lifestyle in hours.,The truth is that you pay for real lifestyle in hours.,4
257,257,Lea,French,The father died during childbirth.,The father died during childbirth.,0
258,258,Lea,French,Imagine his surprise when he discovered that the safe was full of pudding.,Imagine his surprise when he discovered that the safe was full of pudding.,0
259,259,Lea,French,A song can make or ruin a person’s day if they let it get to them.,Person can make all ruin a person's day if they let it get to them.,8
260,260,Lea,French,She had a difficult time owning up to her own crazy self.,She had a difficult time owning up to her own crazy self.,0
261,261,Lea,French,He dreamed of leaving his law firm to open a portable dog wash.,He dreamed of living his love firm to open a portable dog welsh.,7
262,262,Lea,French,I'd always thought lightning was something only I could see.,I'd always thought lightning was something only I could see.,0
263,263,Lea,French,Everyone was curious about the large white blimp that appeared overnight.,Everyone was curious about the large white blimp that appeared overnight.,0
264,264,Lea,French,The clouds formed beautiful animals in the sky that eventually created a tornado to wreak havoc.,The clouds formed beautiful and emerging the sky that eventually created a tornado to wreak havoc.,8
265,265,Lea,French,Pink horses galloped across the sea.,Being courses galloped across the sea.,5
266,266,Lea,French,"In hopes of finding out the truth, he entered the one-room library.","In hopes of finding out the truth, he entered the room library.",4
267,267,Lea,French,She tilted her head back and let whip cream stream into her mouth while taking a bath.,She tilted her head back and let whipped cream stream into her mouth while taking a bath.,3
268,268,Lea,French,They looked up at the sky and saw a million stars.,They looked up at the scallions a Million stars.,10
269,269,Lea,French,The group quickly understood that toxic waste was the most effective barrier to use against the zombies.,The group quickly understood that toxic West was the most effective barrier to use against the zombies.,3
270,270,Lea,French,The gloves protect my feet from excess work.,The gloves protect my feet from excess work.,0
271,271,Lea,French,"Green should have smelled more tranquil, but somehow it just tasted rotten.","Green should have smelled more tranquil, but somehow it just tasted rotten.",0
272,272,Lea,French,The secret ingredient to his wonderful life was crime.,The security ingredient to his wonderful life First Crime.,8
273,273,Lea,French,He decided to live his life by the big beats manifesto.,He decided to live his life by the big bits manifesto.,2
274,274,Lea,French,"In the end, he realized he could see sound and hear words.",In the end he realized he could see sound and the hero words.,6
275,275,Lea,French,The pet shop stocks everything you need to keep your anaconda happy.,The pet shop stocks everything you need to keep your anaconda happy.,0
276,276,Lea,French,"He used to get confused between soldiers and shoulders, but as a military man, he now soldiers responsibility.","He used to get confused between soldiers and shoulders, but as a military man, he now soldiers responsibility.",0
277,277,Lea,French,She advised him to come back at once.,She advised him to come back at once.,0
278,278,Lea,French,The beauty of the African sunset disguised the danger lurking nearby.,The beauty of the African sunset disguise the danger blocking nearby.,4
279,279,Lea,French,"The rusty nail stood erect, angled at a 45-degree angle, just waiting for the perfect barefoot to come along.",There are senales to direct angle that a 45° angle just waiting for the perfect barefoot to come along.,26
280,280,Lea,French,We should play with legos at camp.,We should play with legos at camp.,0
281,281,Lea,French,I am my aunt's sister's daughter.,I am my Young sisters daughter.,6
282,282,Lea,French,"It was obvious she was hot, sweaty, and tired.","It was obvious she was hot, sweaty and tired.",1
283,283,Lea,French,Charles ate the french fries knowing they would be his last meal.,"Charles ate, the friend tries knowing that you would be his last meal.",10
284,284,Lea,French,Watching the geriatric men’s softball team brought back memories of 3 yr olds playing t-ball.,Watching the geriatric menu softball team brought back memories of three years old playing table.,14
285,285,Lea,French,He had a hidden stash underneath the floorboards in the back room of the house.,He had a hidden station underneath the floorboards in the back room of the house.,4
286,286,Lea,French,The father handed each child a roadmap at the beginning of the 2-day road trip and explained it was so they could find their way home.,The father handed its child a road map at the beginning of the two day road trip and explained it was so they could find their way home.,9
287,287,Lea,French,It was always dangerous to drive with him since he insisted the safety cones were a slalom course.,"It was always dangerous to drive with him, since he insisted the safety cones were.",17
288,288,Lea,French,Plans for this weekend include turning wine into water.,Plans for this weekend include turning wine into water.,0
289,289,Lea,French,He had accidentally hacked into his company's server.,He had accidentally hacked into his company's server.,0
290,290,Lea,French,She found his complete dullness interesting.,She found his completely illness interesting.,4
291,291,Lea,French,Karen realized the only way she was getting into heaven was to cheat.,Karen realized the only way she was getting into Heaven was to cheat.,1
292,292,Lea,French,Siri became confused when we reused to follow her directions.,Siri became confused when we re used to follow our directions.,3
293,293,Lea,French,It was the first time he had ever seen someone cook dinner on an elephant.,It was the first time he had a verse in someone cook dinner and an elephant.,7
294,294,Lea,French,Fluffy pink unicorns are a popular status symbol among macho men.,"Fluffy pink unicorns are a popular status embodiment, mature men.",12
295,295,Lea,French,Love is not like pizza.,Love is not like Pizza.,1
296,296,Lea,French,Her scream silenced the rowdy teenagers.,The screams I learned to the rail woody teenagers.,18
297,297,Lea,French,"The waves were crashing on the shore, it was a lovely sight.","The waves were crashing on the shore, It was a lovely sight.",1
298,298,Lea,French,Sometimes you have to just give up and win by cheating.,Sometimes you have to just give up and we invite cheating.,6
299,299,Lea,French,He loved eating his bananas in hot dog buns.,He loved eating his bananas in hot dog buns.,0
400,400,Aditi,Hindi,Gwen had her best sleep ever on her new bed of nails.,Gwen had her best sleep ever on her new bed of nails.,0
401,401,Aditi,Hindi,When confronted with a rotary dial phone the teenager was perplexed.,"When confronted with a rotary dial phone, the teenager was perplexed.",1
402,402,Aditi,Hindi,There was no telling what thoughts would come from the machine.,There was no telling what thoughts would come from the machine.,0
403,403,Aditi,Hindi,Baby wipes are made of chocolate stardust.,Baby wipes are made of chocolate stardust.,0
404,404,Aditi,Hindi,It caught him off guard that space smelled of seared steak.,It caught him off guard that space smelled of seared steak.,0
405,405,Aditi,Hindi,"You're unsure whether or not to trust him, but very thankful that you wore a turtle neck.","You're unsure whether or not to trust him, but very thankful that he wore a turtleneck.",4
406,406,Aditi,Hindi,Cursive writing is the best way to build a race track.,CUrsive writing is the best way to build a race track.,1
407,407,Aditi,Hindi,Today is the day I'll finally know what brick tastes like.,Today is the day I'll finally know what brick tastes like.,0
408,408,Aditi,Hindi,"There was no ice cream in the freezer, nor did they have money to go to the store.","There was no ice cream in the freezer, nor did they have money to go to the store.",0
409,409,Aditi,Hindi,Nothing seemed out of place except the washing machine in the bar.,Nothing seemed out of place except the washing machine in the bar.,0
410,410,Aditi,Hindi,"He realized there had been several deaths on this road, but his concern rose when he saw the exact number.","He realized there had been several deaths on this road, but his concern rose when he saw the exact number.",0
411,411,Aditi,Hindi,Jeanne wished she has chosen the red button.,Jean wished she has chosen the red button.,2
412,412,Aditi,Hindi,"David subscribes to the ""stuff your tent into the bag"" strategy over nicely folding it.",David subscribes to the stuff your tent into the bag strategy over nicely folding it.,2
413,413,Aditi,Hindi,All you need to do is pick up the pen and begin.,All you need to do is pick up the pen and begin.,0
414,414,Aditi,Hindi,The underground bunker was filled with chips and candy.,The underground bunker was filled with chips and candy.,0
415,415,Aditi,Hindi,"It dawned on her that others could make her happier, but only she could make herself happy.","It dawned on her that adults could make her happier, but only she could make herself happy.",5
416,416,Aditi,Hindi,The green tea and avocado smoothie turned out exactly as would be expected.,The green tea and avocado smoothie turned out exactly as would be expected.,0
417,417,Aditi,Hindi,The thunderous roar of the jet overhead confirmed her worst fears.,The Thunder A stroller of the Jet Over had confirmed her worst fears.,12
418,418,Aditi,Hindi,It was the scarcity that fueled his creativity.,It was the scarcity that fueled his creativity.,0
419,419,Aditi,Hindi,"The sky is clear, the stars are twinkling.","The sky is clear, the stars are twinkling.",0
420,420,Aditi,Hindi,You have no right to call yourself creative until you look at a trowel and think that it would make a great lockpick.,You have no right to call yourself creative until you look at a travel and think that it would make a great lock pick.,3
421,421,Aditi,Hindi,I covered my friend in baby oil.,I covered my friend in Baby Oil.,2
422,422,Aditi,Hindi,It's much more difficult to play tennis with a bowling ball than it is to bowl with a tennis ball.,It's much more difficult to play tennis with a bowling ball than it is to bowl with a tennis ball.,0
423,423,Aditi,Hindi,He didn't understand why the bird wanted to ride the bicycle.,He didn't understand why the bird wanted to ride the bicycle.,0
424,424,Aditi,Hindi,He had unknowingly taken up sleepwalking as a nighttime hobby.,He had unknowingly taken up sleepwalking as a nighttime hobby.,0
425,425,Aditi,Hindi,The fact that there's a stairway to heaven and a highway to hell explains life well.,The fact that as a stairway to heaven and highway to hell explains life well.,8
426,426,Aditi,Hindi,She couldn't understand why nobody else could see that the sky is full of cotton candy.,She couldn't understand why nobody else could see that the sky is full of cotton candy.,0
427,427,Aditi,Hindi,The fence was confused about whether it was supposed to keep things in or keep things out.,The fence was confused about whether it was supposed to keep things in or keep things out.,0
428,428,Aditi,Hindi,"For oil spots on the floor, nothing beats parking a motorbike in the lounge.","For oil spots on the floor, nothing beats parking a motorbike in the lounge.",0
429,429,Aditi,Hindi,Nancy was proud that she ran a tight shipwreck.,Nancy was proud that she ran a tight ship wreck.,1
430,430,Aditi,Hindi,We have young kids who often walk into our room at night for various reasons including clowns in the closet.,"We have young kids who often walk into our room at night for various reasons, including clowns in the closet.",1
431,431,Aditi,Hindi,The lyrics of the song sounded like fingernails on a chalkboard.,The lyrics of the song sounded like fingernails on a chalkboard.,0
432,432,Aditi,Hindi,Too many prisons have become early coffins.,Too many prisons have become early coffins.,0
433,433,Aditi,Hindi,Everyone pretends to like wheat until you mention barley.,Everyone pretends to like wheat until you mentioned barley.,2
434,434,Aditi,Hindi,The truth is that you pay for your lifestyle in hours.,The truth is that you pay for your lifestyle in hours.,0
435,435,Aditi,Hindi,The snow-covered path was no help in finding his way out of the back-country.,The snow covered pat was no help in finding his way out of the back country.,3
436,436,Aditi,Hindi,Nudist colonies shun fig-leaf couture.,Nudist colonies Shan fig leaf couture.,3
437,437,Aditi,Hindi,Beach-combing replaced wine tasting as his new obsession.,Beachcombing replaced wine tasting as his new obsession.,1
438,438,Aditi,Hindi,I'd always thought lightning was something only I could see.,I'd always thought lightning was something only I could see.,0
439,439,Aditi,Hindi,He dreamed of eating green apples with worms.,He dreamed of eating green apples with worms.,0
440,440,Aditi,Hindi,"She was sad to hear that fireflies are facing extinction due to artificial light, habitat loss, and pesticides.","She was sad to hear that fireflies are facing extinction due to artificial light, habitat loss and pesticides.",1
441,441,Aditi,Hindi,He was so preoccupied with whether or not he could that he failed to stop to consider if he should.,He was so preoccupied with whether or not he could that he failed to stop to consider efficient.,11
442,442,Aditi,Hindi,It was a really good Monday for being a Saturday.,It was a really good monday for being a saturday.,2
443,443,Aditi,Hindi,I ate a sock because people on the Internet told me to.,I ate a sock because people on the Internet told me to.,0
444,444,Aditi,Hindi,I would be delighted if the sea were full of cucumber juice.,I would be delighted if the sea were full of cucumber juice.,0
445,445,Aditi,Hindi,He felt that dining on the bridge brought romance to his relationship with his cat.,He felt that dining on the bridge brought romance to his relationship with his cat.,0
446,446,Aditi,Hindi,There are few things better in life than a slice of pie.,There are few things better in life than a slice of pie.,0
447,447,Aditi,Hindi,A purple pig and a green donkey flew a kite in the middle of the night and ended up sunburnt.,A purple pig and a green donkey flew a kite in the middle of the night and ended up sunburned.,2
448,448,Aditi,Hindi,"She saw the brake lights, but not in time.","She saw the brake lights, but not in time.",0
449,449,Aditi,Hindi,Please wait outside of the house.,Please wait outside of the house.,0
450,450,Aditi,Hindi,Truth in advertising and dinosaurs with skateboards have much in common.,Truth in advertising and dinosaurs with skateboards have much in common.,0
451,451,Aditi,Hindi,"There were white out conditions in the town, subsequently, the roads were impassable.","There were white out conditions in the town, subsequently the roads were impassable.",1
452,452,Aditi,Hindi,I thought red would have felt warmer in summer but I didn't think about the equator.,"I thought red would have felt warmer in summer, but I didn't think about the equator.",1
453,453,Aditi,Hindi,The toy brought back fond memories of being lost in the rain forest.,The toy brought back fond memories of being lost in the rain forest.,0
454,454,Aditi,Hindi,Nobody has encountered an explosive daisy and lived to tell the tale.,Nobody has encountered an explosive daisy and lived to tell the tale.,0
455,455,Aditi,Hindi,"After exploring the abandoned building, he started to believe in ghosts.","After exploring the abandoned building, he started to believe in ghosts.",0
456,456,Aditi,Hindi,The truth is that you pay for your lifestyle in hours.,The truth is that you pay for your lifestyle in hours.,0
457,457,Aditi,Hindi,The father died during childbirth.,The father died during childbirth.,0
458,458,Aditi,Hindi,Imagine his surprise when he discovered that the safe was full of pudding.,Imagine his surprise when he discovered that the safe was full of pudding.,0
459,459,Aditi,Hindi,A song can make or ruin a person’s day if they let it get to them.,Assange can make our ruin a personas day if they let it get to them.,5
460,460,Aditi,Hindi,She had a difficult time owning up to her own crazy self.,She had a difficult time owning up to her own crazy self.,0
461,461,Aditi,Hindi,He dreamed of leaving his law firm to open a portable dog wash.,He dreamed of leaving his law firm to open a portable dog wash.,0
462,462,Aditi,Hindi,I'd always thought lightning was something only I could see.,I'd always thought lightning was something only I could see.,0
463,463,Aditi,Hindi,Everyone was curious about the large white blimp that appeared overnight.,Everyone was curious about the large white blimp that appeared overnight.,0
464,464,Aditi,Hindi,The clouds formed beautiful animals in the sky that eventually created a tornado to wreak havoc.,The clouds formed beautiful animals in the sky that eventually created a tornado to wreak havoc.,0
465,465,Aditi,Hindi,Pink horses galloped across the sea.,Pink causes galloped across the sea.,3
466,466,Aditi,Hindi,"In hopes of finding out the truth, he entered the one-room library.","In hopes of finding out the truth, he entered the one room library.",1
467,467,Aditi,Hindi,She tilted her head back and let whip cream stream into her mouth while taking a bath.,She tilted her head back and let whipped cream stream into her mouth while taking a bath.,3
468,468,Aditi,Hindi,They looked up at the sky and saw a million stars.,They looked up at the sky and saw a million stars.,0
469,469,Aditi,Hindi,The group quickly understood that toxic waste was the most effective barrier to use against the zombies.,The group quickly understood that toxic waste was the most effective barrier to use against the zombies.,0
470,470,Aditi,Hindi,The gloves protect my feet from excess work.,The gloves protect my feet from excess work.,0
471,471,Aditi,Hindi,"Green should have smelled more tranquil, but somehow it just tasted rotten.","Green should have smelled more tranquil, but somehow it just tasted rotten.",0
472,472,Aditi,Hindi,The secret ingredient to his wonderful life was crime.,The secret ingredient to his wonderful life was crime.,0
473,473,Aditi,Hindi,He decided to live his life by the big beats manifesto.,He decided to live his life by the big beach manifesto.,2
474,474,Aditi,Hindi,"In the end, he realized he could see sound and hear words.","In the end, he realized he could see sound and hear words.",0
475,475,Aditi,Hindi,The pet shop stocks everything you need to keep your anaconda happy.,The pet shop stocks everything you need to keep your anaconda happy.,0
476,476,Aditi,Hindi,"He used to get confused between soldiers and shoulders, but as a military man, he now soldiers responsibility.","He used to get confused between soldiers and shoulders, but as a military man, he now soldiers responsibility.",0
477,477,Aditi,Hindi,She advised him to come back at once.,She advised him to come back at once.,0
478,478,Aditi,Hindi,The beauty of the African sunset disguised the danger lurking nearby.,The beauty of the African sunset disguised the danger lurking nearby.,0
479,479,Aditi,Hindi,"The rusty nail stood erect, angled at a 45-degree angle, just waiting for the perfect barefoot to come along.","The rusty nail stood erect, angled at a 45° angle, just waiting for the perfect barefoot to come along.",7
480,480,Aditi,Hindi,We should play with legos at camp.,We should play with legos at camp.,0
481,481,Aditi,Hindi,I am my aunt's sister's daughter.,I'm my Aunt's sister's daughter.,3
482,482,Aditi,Hindi,"It was obvious she was hot, sweaty, and tired.","It was obvious she was hot, sweaty and tired.",1
483,483,Aditi,Hindi,Charles ate the french fries knowing they would be his last meal.,Charles ate the french fries knowing they would be his last meal.,0
484,484,Aditi,Hindi,Watching the geriatric men’s softball team brought back memories of 3 yr olds playing t-ball.,Watching the geriatric Meno softball team brought back memories of three years olds playing t ball.,12
485,485,Aditi,Hindi,He had a hidden stash underneath the floorboards in the back room of the house.,He had a hidden stash underneath the floorboards in the back room of the house.,0
486,486,Aditi,Hindi,The father handed each child a roadmap at the beginning of the 2-day road trip and explained it was so they could find their way home.,The father handed each child a road map at the beginning of the two day road trip and explained it was so they could find their way home.,5
487,487,Aditi,Hindi,It was always dangerous to drive with him since he insisted the safety cones were a slalom course.,"It was always danger as to drive with him, since he insisted the safety cones were a slalom cars.",6
488,488,Aditi,Hindi,Plans for this weekend include turning wine into water.,Plans for this weekend include turning wine into water.,0
489,489,Aditi,Hindi,He had accidentally hacked into his company's server.,He had accidentally hacked into his company's server.,0
490,490,Aditi,Hindi,She found his complete dullness interesting.,She found his complete dullness interesting.,0
491,491,Aditi,Hindi,Karen realized the only way she was getting into heaven was to cheat.,Karen realized the only way she was getting into Heaven was to cheat.,1
492,492,Aditi,Hindi,Siri became confused when we reused to follow her directions.,Siri became confused when we re used to follow her directions.,1
493,493,Aditi,Hindi,It was the first time he had ever seen someone cook dinner on an elephant.,It was the first time he had ever seen someone cook dinner around an elephant.,4
494,494,Aditi,Hindi,Fluffy pink unicorns are a popular status symbol among macho men.,Fluffy pink unicorns are a popular status symbol among macho men.,0
495,495,Aditi,Hindi,Love is not like pizza.,Love is not like Pizza.,1
496,496,Aditi,Hindi,Her scream silenced the rowdy teenagers.,Her screams silenced the rowdy teenagers.,1
497,497,Aditi,Hindi,"The waves were crashing on the shore, it was a lovely sight.","The waves were crashing on the shore, It was a lovely sight.",1
498,498,Aditi,Hindi,Sometimes you have to just give up and win by cheating.,Sometimes you have to just give up and win by cheating.,0
499,499,Aditi,Hindi,He loved eating his bananas in hot dog buns.,He loved eating his bananas in heart d'Argo Bans.,9
500,500,Lucia,Castilian Spanish,Gwen had her best sleep ever on her new bed of nails.,Nails.,48
501,501,Lucia,Castilian Spanish,When confronted with a rotary dial phone the teenager was perplexed.,"When confronted with a rotary dial phone, the teenager was perplexed.",1
502,502,Lucia,Castilian Spanish,There was no telling what thoughts would come from the machine.,There was no telling what thoughts would come from the machine.,0
503,503,Lucia,Castilian Spanish,Baby wipes are made of chocolate stardust.,Baby wipes are made of chocolate stardust.,0
504,504,Lucia,Castilian Spanish,It caught him off guard that space smelled of seared steak.,It caught him off guard that space mail of seared steak.,5
505,505,Lucia,Castilian Spanish,"You're unsure whether or not to trust him, but very thankful that you wore a turtle neck.","You're unsure whether or not to trust him, but very thankful that you wear a turtleneck.",4
506,506,Lucia,Castilian Spanish,Cursive writing is the best way to build a race track.,"Of course, if writing is the best way to build a racetrack.",11
507,507,Lucia,Castilian Spanish,Today is the day I'll finally know what brick tastes like.,Today is the day I'll finally know what brick tastes like.,0
508,508,Lucia,Castilian Spanish,"There was no ice cream in the freezer, nor did they have money to go to the store.","There was no ice cream in the freezer, nor did they have money to go to the store.",0
509,509,Lucia,Castilian Spanish,Nothing seemed out of place except the washing machine in the bar.,Nothing seemed out of place except the washing machine in the bar.,0
510,510,Lucia,Castilian Spanish,"He realized there had been several deaths on this road, but his concern rose when he saw the exact number.","He realized there have been several deaths on this road, but his concern rose when he saw the exact number.",2
511,511,Lucia,Castilian Spanish,Jeanne wished she has chosen the red button.,Jean wished she has chosen the red button.,2
512,512,Lucia,Castilian Spanish,"David subscribes to the ""stuff your tent into the bag"" strategy over nicely folding it.",David subscribes to the staff your tent into the back strategy over nicely folding it.,4
513,513,Lucia,Castilian Spanish,All you need to do is pick up the pen and begin.,All you need to do is speak up the pen and begin.,3
514,514,Lucia,Castilian Spanish,The underground bunker was filled with chips and candy.,The underground banker was filled with chips and candy.,1
515,515,Lucia,Castilian Spanish,"It dawned on her that others could make her happier, but only she could make herself happy.","Could make her happier, but only she could make herself happy.",30
516,516,Lucia,Castilian Spanish,The green tea and avocado smoothie turned out exactly as would be expected.,The green tea and avocados moody turned out exactly as would be expected.,6
517,517,Lucia,Castilian Spanish,The thunderous roar of the jet overhead confirmed her worst fears.,The thunderous roar of the yet overhead confirmed her worst fears.,1
518,518,Lucia,Castilian Spanish,It was the scarcity that fueled his creativity.,It was the scarcity that fueled his creativity.,0
519,519,Lucia,Castilian Spanish,"The sky is clear, the stars are twinkling.",The sky is clear the stars are doing killing.,7
520,520,Lucia,Castilian Spanish,You have no right to call yourself creative until you look at a trowel and think that it would make a great lockpick.,You have no right to call yourself creative until you look at a travel and think that it would make a great lock pick.,3
521,521,Lucia,Castilian Spanish,I covered my friend in baby oil.,I covered my friend in Baby Oil.,2
522,522,Lucia,Castilian Spanish,It's much more difficult to play tennis with a bowling ball than it is to bowl with a tennis ball.,It's much more difficult to play tennis with a bowling ball than it is to bowl with a tennis ball.,0
523,523,Lucia,Castilian Spanish,He didn't understand why the bird wanted to ride the bicycle.,He didn't understand why the bird wanted to ride the bicycle.,0
524,524,Lucia,Castilian Spanish,He had unknowingly taken up sleepwalking as a nighttime hobby.,He had unknowingly taken up sleepwalking as a nighttime hobby.,0
525,525,Lucia,Castilian Spanish,The fact that there's a stairway to heaven and a highway to hell explains life well.,The fact that there's a stairway to heaven and the highway to hell explains life well.,3
526,526,Lucia,Castilian Spanish,She couldn't understand why nobody else could see that the sky is full of cotton candy.,She couldn't understand why nobody else could see that the sky is full of cotton candy.,0
527,527,Lucia,Castilian Spanish,The fence was confused about whether it was supposed to keep things in or keep things out.,Defense was confused about whether it was supposed to keep things in or keep things out.,4
528,528,Lucia,Castilian Spanish,"For oil spots on the floor, nothing beats parking a motorbike in the lounge.","For oil spots on the floor, nothing beats sparking a motorbike in the lounge.",1
529,529,Lucia,Castilian Spanish,Nancy was proud that she ran a tight shipwreck.,Nancy was proud that she ran a tight ship break.,3
530,530,Lucia,Castilian Spanish,We have young kids who often walk into our room at night for various reasons including clowns in the closet.,"We have young kids who often walk into a room at night for various reasons, including clowns in the closet.",4
531,531,Lucia,Castilian Spanish,The lyrics of the song sounded like fingernails on a chalkboard.,The lyrics of the song sounded like fingernails on a chalkboard.,0
532,532,Lucia,Castilian Spanish,Too many prisons have become early coffins.,Too many prisons have become early coffins.,0
533,533,Lucia,Castilian Spanish,Everyone pretends to like wheat until you mention barley.,Everyone pretends to like quit until you mention barley.,4
534,534,Lucia,Castilian Spanish,The truth is that you pay for your lifestyle in hours.,The truth is that you pay for your lifestyle in hours.,0
535,535,Lucia,Castilian Spanish,The snow-covered path was no help in finding his way out of the back-country.,There's no covered path was no help in finding his way out of the backcountry.,7
536,536,Lucia,Castilian Spanish,Nudist colonies shun fig-leaf couture.,Nudist Colony.,26
537,537,Lucia,Castilian Spanish,Beach-combing replaced wine tasting as his new obsession.,Beachcombing replaced wine tasting as his new obsession.,1
538,538,Lucia,Castilian Spanish,I'd always thought lightning was something only I could see.,I'd always thought lightning was something only I could see.,0
539,539,Lucia,Castilian Spanish,He dreamed of eating green apples with worms.,He dreamed of eating green apples with worms.,0
540,540,Lucia,Castilian Spanish,"She was sad to hear that fireflies are facing extinction due to artificial light, habitat loss, and pesticides.","She was sad to hear that fireflies are facing extinction due to artificial light, habitat loss and pesticides.",1
541,541,Lucia,Castilian Spanish,He was so preoccupied with whether or not he could that he failed to stop to consider if he should.,He was so preoccupied with whether or not he could that he failed to stop to consider if he should.,0
542,542,Lucia,Castilian Spanish,It was a really good Monday for being a Saturday.,It was a really good monday for being a saturday.,2
543,543,Lucia,Castilian Spanish,I ate a sock because people on the Internet told me to.,Because people on the Internet told me to.,14
544,544,Lucia,Castilian Spanish,I would be delighted if the sea were full of cucumber juice.,I would be delighted if the sea were full of cucumber juice.,0
545,545,Lucia,Castilian Spanish,He felt that dining on the bridge brought romance to his relationship with his cat.,He felt that dining on the bridge brought romance to his relationship with his cat.,0
546,546,Lucia,Castilian Spanish,There are few things better in life than a slice of pie.,There are a few things better in life than a slice of pie.,2
547,547,Lucia,Castilian Spanish,A purple pig and a green donkey flew a kite in the middle of the night and ended up sunburnt.,Purple pink and the green donkey flew a kite in the middle of the night and then the sun burned.,18
548,548,Lucia,Castilian Spanish,"She saw the brake lights, but not in time.","She saw the brake lights, but not in time.",0
549,549,Lucia,Castilian Spanish,Please wait outside of the house.,Please wait outside of the house.,0
550,550,Lucia,Castilian Spanish,Truth in advertising and dinosaurs with skateboards have much in common.,Truth in advertising and dinosaurs with skateboards have much in common.,0
551,551,Lucia,Castilian Spanish,"There were white out conditions in the town, subsequently, the roads were impassable.",They were white out conditions in the town subsequently the roads were impossible.,6
552,552,Lucia,Castilian Spanish,I thought red would have felt warmer in summer but I didn't think about the equator.,"I thought red would have felt too armory in summer, but I didn't think about the equator.",7
553,553,Lucia,Castilian Spanish,The toy brought back fond memories of being lost in the rain forest.,The toy brought back fond memories of being lost in the rain forest.,0
554,554,Lucia,Castilian Spanish,Nobody has encountered an explosive daisy and lived to tell the tale.,Nobody has encountered an explosive they see and live to tell the tale.,8
555,555,Lucia,Castilian Spanish,"After exploring the abandoned building, he started to believe in ghosts.","After exploring the abandoned building, he started to believe in ghosts.",0
556,556,Lucia,Castilian Spanish,The truth is that you pay for your lifestyle in hours.,The truth is that you pay for your lifestyle in hours.,0
557,557,Lucia,Castilian Spanish,The father died during childbirth.,The Father by during childbirth.,5
558,558,Lucia,Castilian Spanish,Imagine his surprise when he discovered that the safe was full of pudding.,Imagine his surprise when he discovered that the safe was full of pudding.,0
559,559,Lucia,Castilian Spanish,A song can make or ruin a person’s day if they let it get to them.,Hassan can make or ruin a personas day if they let it get to them.,6
560,560,Lucia,Castilian Spanish,She had a difficult time owning up to her own crazy self.,She had a difficult time owning up to her own crazy self.,0
561,561,Lucia,Castilian Spanish,He dreamed of leaving his law firm to open a portable dog wash.,He dreamed of living his life to open a portable dog washer.,10
562,562,Lucia,Castilian Spanish,I'd always thought lightning was something only I could see.,I'd always thought lightning was something only I could see.,0
563,563,Lucia,Castilian Spanish,Everyone was curious about the large white blimp that appeared overnight.,Everyone was curious about the large white blimp that appeared overnight.,0
564,564,Lucia,Castilian Spanish,The clouds formed beautiful animals in the sky that eventually created a tornado to wreak havoc.,The clothes for beautiful animals in the sky that eventually created a tornado to wreak havoc.,6
565,565,Lucia,Castilian Spanish,Pink horses galloped across the sea.,Pink Horses.,25
566,566,Lucia,Castilian Spanish,"In hopes of finding out the truth, he entered the one-room library.","In hopes of finding out the truth, he entered the one room library.",1
567,567,Lucia,Castilian Spanish,She tilted her head back and let whip cream stream into her mouth while taking a bath.,She tilted her head back and let the whipped cream stream into her mouth while taking a bus.,10
568,568,Lucia,Castilian Spanish,They looked up at the sky and saw a million stars.,They looked up at the sky and saw a million stars.,0
569,569,Lucia,Castilian Spanish,The group quickly understood that toxic waste was the most effective barrier to use against the zombies.,The group quickly understood that toxic waste was the most effective barrier to use against the zombies.,0
570,570,Lucia,Castilian Spanish,The gloves protect my feet from excess work.,The gloves protect my feet from excess work.,0
571,571,Lucia,Castilian Spanish,"Green should have smelled more tranquil, but somehow it just tasted rotten.","Green should have smelled more tranquil, but somehow it just tasted rotten.",0
572,572,Lucia,Castilian Spanish,The secret ingredient to his wonderful life was crime.,The secret ingredient to his wonderful life was crime.,0
573,573,Lucia,Castilian Spanish,He decided to live his life by the big beats manifesto.,He decided to live his life by the big bits manifesto.,2
574,574,Lucia,Castilian Spanish,"In the end, he realized he could see sound and hear words.","In the end, he realized he could see sound and clear words.",2
575,575,Lucia,Castilian Spanish,The pet shop stocks everything you need to keep your anaconda happy.,The pet shop stocks everything you need to keep your anaconda happy.,0
576,576,Lucia,Castilian Spanish,"He used to get confused between soldiers and shoulders, but as a military man, he now soldiers responsibility.","Here's to get confused between soldiers and shoulders, but as a military man, he now so will their responsibility.",14
577,577,Lucia,Castilian Spanish,She advised him to come back at once.,She advised him to come back at once.,0
578,578,Lucia,Castilian Spanish,The beauty of the African sunset disguised the danger lurking nearby.,The beauty of the African sunset disguise the danger lurking nearby.,1
579,579,Lucia,Castilian Spanish,"The rusty nail stood erect, angled at a 45-degree angle, just waiting for the perfect barefoot to come along.",The rusty nails to direct angled at a 45° angle just waiting for the perfect barefoot to come along.,14
580,580,Lucia,Castilian Spanish,We should play with legos at camp.,We should play with legos at camp.,0
581,581,Lucia,Castilian Spanish,I am my aunt's sister's daughter.,I am my Aunt's sister's out there.,7
582,582,Lucia,Castilian Spanish,"It was obvious she was hot, sweaty, and tired.","He too, was obvious she was hot, sweaty, hand tiled.",8
583,583,Lucia,Castilian Spanish,Charles ate the french fries knowing they would be his last meal.,"Carol said that the french fries, knowing they would be his last meal.",10
584,584,Lucia,Castilian Spanish,Watching the geriatric men’s softball team brought back memories of 3 yr olds playing t-ball.,What's in the geriatric Menno Softball team brought back memories of three years olds playing table.,20
585,585,Lucia,Castilian Spanish,He had a hidden stash underneath the floorboards in the back room of the house.,Had a hidden stash underneath the floorboards in the back room of the house.,3
586,586,Lucia,Castilian Spanish,The father handed each child a roadmap at the beginning of the 2-day road trip and explained it was so they could find their way home.,The father handed the child a road map at the beginning of the two day road trip and explained it was so they could find their way home.,9
587,587,Lucia,Castilian Spanish,It was always dangerous to drive with him since he insisted the safety cones were a slalom course.,"It was always the injuries to drive with him since he insisted the safety cones, whereas Lalande.",23
588,588,Lucia,Castilian Spanish,Plans for this weekend include turning wine into water.,Plans for this weekend include turning wine into water.,0
589,589,Lucia,Castilian Spanish,He had accidentally hacked into his company's server.,He had accidentally hacked into his company server.,2
590,590,Lucia,Castilian Spanish,She found his complete dullness interesting.,She found his complete wellness interesting.,2
591,591,Lucia,Castilian Spanish,Karen realized the only way she was getting into heaven was to cheat.,Current realized the only way she was getting into Heaven was to cheat.,5
592,592,Lucia,Castilian Spanish,Siri became confused when we reused to follow her directions.,c d became confused when we re used to follow her directions.,5
593,593,Lucia,Castilian Spanish,It was the first time he had ever seen someone cook dinner on an elephant.,It was the first time he had ever seen someone cook dinner on an elephant.,0
594,594,Lucia,Castilian Spanish,Fluffy pink unicorns are a popular status symbol among macho men.,Fluffy pink unicorns are a popular status symbol among much women.,4
595,595,Lucia,Castilian Spanish,Love is not like pizza.,Love is not like Pizza.,1
596,596,Lucia,Castilian Spanish,Her scream silenced the rowdy teenagers.,First scream silenced the rowdy teenagers.,4
597,597,Lucia,Castilian Spanish,"The waves were crashing on the shore, it was a lovely sight.","The waves were crashing on the shore, It was a lovely sight.",1
598,598,Lucia,Castilian Spanish,Sometimes you have to just give up and win by cheating.,Sometimes you have to just give up and do inviting.,10
599,599,Lucia,Castilian Spanish,He loved eating his bananas in hot dog buns.,He loved it in his bananas in hot dog buns.,4
